{
    "data": "data/videos/1.mp4",
    "resize_height": 1000,
    "resize_width": 1000,
    "morph_point_size": 1,
    "morph_element": 1,
    "canny_low_threshold": 100,
    "canny_high_threshold": 300,
    "gaussian_kernel_size": 5,
    "img_min_thresh": 230,
    "img_max_thresh": 255,
    "hough_threshold": 100,
    "bin_thresh": true,
    "hist_equlalize": false,
    "show_hough_lines": false,
    "show_prob_hough_lines": false,
    "compute_tool_tip": true,
    "averaging_window_size": 20
}